user_id,Precision@10 - macro,F1@10 - macro,NDCG@10
sys - fold1,0.2471463888888889,0.25031141360122594,0.3465875420942551
sys - mean,0.2471463888888889,0.25031141360122594,0.3465875420942551
